{
  "runs": [
    {
      "vendor": "falkordb",
      "read-write-ratio": 0.0,
      "clients": 20,
      "platform": "arm",
      "target-messages-per-second": 7500,
      "edges": 10000,
      "relationships": 121716,
      "started-at-epoch-secs": 1765884076,
      "result": {
        "deadline-offset": "0ms",
        "actual-messages-per-second": 6598.308193779115,
        "latency": {
          "p50": "2.255ms",
          "p95": "6.911ms",
          "p99": "11.26ms"
        },
        "avg-latency-ms": 3.0249759157840983,
        "latency-histogram": {
          "buckets-ms": [
            1,
            1,
            5,
            10,
            25,
            50,
            100,
            250,
            500,
            1000,
            2500,
            5000,
            10000
          ],
          "cumulative-counts": [
            698,
            62530,
            854430,
            986207,
            998205,
            999651,
            999923,
            999991,
            1000000,
            1000000,
            1000000,
            1000000,
            1000000
          ],
          "count": 1000000
        },
        "elapsed-ms": 151554,
        "cpu-usage": 0.0,
        "ram-usage": "5.0MB",
        "errors": 0,
        "successful-requests": 1000000,
        "operations": {
          "by-query": {
            "aggregate_expansion_1": 111178,
            "aggregate_expansion_1_with_filter": 111023,
            "aggregate_expansion_2": 111817,
            "aggregate_expansion_2_with_filter": 110643,
            "aggregate_expansion_3": 110841,
            "aggregate_expansion_3_with_filter": 110839,
            "aggregate_expansion_4": 111398,
            "aggregate_expansion_4_with_filter": 111504,
            "single_vertex_read": 110757
          },
          "by-spawn": {
            "0": 49969,
            "1": 49865,
            "10": 50042,
            "11": 50206,
            "12": 49988,
            "13": 50057,
            "14": 49905,
            "15": 50214,
            "16": 49974,
            "17": 50250,
            "18": 49896,
            "19": 49728,
            "2": 49820,
            "3": 50151,
            "4": 50024,
            "5": 49906,
            "6": 50114,
            "7": 50017,
            "8": 49853,
            "9": 50021
          }
        },
        "spawn-stats": {
          "min": 49728,
          "max": 50250,
          "p50": 50017,
          "p95": 50214,
          "max-min-ratio": 1.0104971042471043,
          "cv": 0.002718543727807224
        },
        "histogram_for_type": {
          "aggregate_expansion_1": [
            0.975,
            1.159,
            1.311,
            1.455,
            1.615,
            1.791,
            2.007,
            2.319,
            2.879,
            3.567,
            6.047
          ],
          "aggregate_expansion_1_with_filter": [
            0.975,
            1.159,
            1.311,
            1.463,
            1.615,
            1.791,
            2.007,
            2.319,
            2.879,
            3.551,
            6.079
          ],
          "aggregate_expansion_2": [
            1.143,
            1.359,
            1.535,
            1.711,
            1.887,
            2.095,
            2.335,
            2.671,
            3.311,
            4.095,
            7.007
          ],
          "aggregate_expansion_2_with_filter": [
            1.127,
            1.335,
            1.503,
            1.671,
            1.847,
            2.039,
            2.287,
            2.607,
            3.231,
            3.999,
            6.879
          ],
          "aggregate_expansion_3": [
            1.663,
            2.079,
            2.415,
            2.735,
            3.055,
            3.407,
            3.823,
            4.383,
            5.311,
            6.463,
            11.903
          ],
          "aggregate_expansion_3_with_filter": [
            1.591,
            1.959,
            2.255,
            2.527,
            2.815,
            3.119,
            3.471,
            3.951,
            4.831,
            5.855,
            10.303
          ],
          "aggregate_expansion_4": [
            2.687,
            3.727,
            4.447,
            4.991,
            5.471,
            5.919,
            6.431,
            7.103,
            8.383,
            9.983,
            20.095
          ],
          "aggregate_expansion_4_with_filter": [
            2.463,
            3.279,
            3.823,
            4.255,
            4.639,
            5.023,
            5.471,
            6.079,
            7.167,
            8.639,
            16.383
          ],
          "single_vertex_read": [
            0.863,
            1.015,
            1.151,
            1.271,
            1.407,
            1.559,
            1.751,
            2.031,
            2.575,
            3.247,
            5.791
          ]
        }
      }
    },
    {
      "vendor": "memgraph",
      "read-write-ratio": 0.0,
      "clients": 20,
      "platform": "arm",
      "target-messages-per-second": 7500,
      "edges": 10000,
      "relationships": 121716,
      "started-at-epoch-secs": 1765888953,
      "result": {
        "deadline-offset": "0ms",
        "actual-messages-per-second": 435.1962343340236,
        "latency": {
          "p50": "17.02ms",
          "p95": "182.27ms",
          "p99": "458.75ms"
        },
        "avg-latency-ms": 45.94349013219513,
        "latency-histogram": {
          "buckets-ms": [
            1,
            1,
            5,
            10,
            25,
            50,
            100,
            250,
            500,
            1000,
            2500,
            5000,
            10000
          ],
          "cumulative-counts": [
            0,
            0,
            26784,
            250355,
            643426,
            801300,
            888343,
            969461,
            991714,
            998794,
            999976,
            1000000,
            1000000
          ],
          "count": 1000000
        },
        "elapsed-ms": 2297814,
        "cpu-usage": 0.0,
        "ram-usage": "308.9MB",
        "base-dataset-bytes": 21837992,
        "errors": 0,
        "successful-requests": 1000000,
        "operations": {
          "by-query": {
            "aggregate_expansion_1": 111178,
            "aggregate_expansion_1_with_filter": 111023,
            "aggregate_expansion_2": 111817,
            "aggregate_expansion_2_with_filter": 110643,
            "aggregate_expansion_3": 110841,
            "aggregate_expansion_3_with_filter": 110839,
            "aggregate_expansion_4": 111398,
            "aggregate_expansion_4_with_filter": 111504,
            "single_vertex_read": 110757
          },
          "by-spawn": {
            "0": 49985,
            "1": 50093,
            "10": 50069,
            "11": 49922,
            "12": 50016,
            "13": 50941,
            "14": 50285,
            "15": 49363,
            "16": 49645,
            "17": 50306,
            "18": 50883,
            "19": 50730,
            "2": 49919,
            "3": 49629,
            "4": 49264,
            "5": 50001,
            "6": 49621,
            "7": 49554,
            "8": 49802,
            "9": 49972
          }
        },
        "spawn-stats": {
          "min": 49264,
          "max": 50941,
          "p50": 49985,
          "p95": 50883,
          "max-min-ratio": 1.0340410847677817,
          "cv": 0.008936603381598626
        },
        "histogram_for_type": {
          "aggregate_expansion_1": [
            5.823,
            7.103,
            8.319,
            9.599,
            11.007,
            12.607,
            14.783,
            17.919,
            23.807,
            30.079,
            47.615
          ],