{
  "runs": [
    {
      "vendor": "falkordb",
      "read-write-ratio": 0.0,
      "clients": 20,
      "platform": "arm",
      "target-messages-per-second": 7500,
      "edges": 10000,
      "relationships": 121716,
      "result": {
        "deadline-offset": "0ms",
        "actual-messages-per-second": 6820.770610663593,
        "latency": {
          "p50": "2.239ms",
          "p95": "6.719ms",
          "p99": "10.11ms"
        },
        "avg-latency-ms": 2.926920931845911,
        "latency-histogram": {
          "buckets-ms": [
            1,
            1,
            5,
            10,
            25,
            50,
            100,
            250,
            500,
            1000,
            2500,
            5000,
            10000
          ],
          "cumulative-counts": [
            772,
            66119,
            862629,
            989677,
            998947,
            999809,
            999974,
            1000000,
            1000000,
            1000000,
            1000000,
            1000000,
            1000000
          ],
          "count": 1000000
        },
        "elapsed-ms": 146611,
        "cpu-usage": 0.0,
        "ram-usage": "5.0MB",
        "errors": 0,
        "successful-requests": 1000000,
        "operations": {
          "by-query": {
            "aggregate_expansion_1": 111734,
            "aggregate_expansion_1_with_filter": 110918,
            "aggregate_expansion_2": 111281,
            "aggregate_expansion_2_with_filter": 111195,
            "aggregate_expansion_3": 110543,
            "aggregate_expansion_3_with_filter": 110914,
            "aggregate_expansion_4": 110660,
            "aggregate_expansion_4_with_filter": 111339,
            "single_vertex_read": 111416
          },
          "by-spawn": {
            "0": 50111,
            "1": 49861,
            "10": 49940,
            "11": 50000,
            "12": 49885,
            "13": 50188,
            "14": 49910,
            "15": 50146,
            "16": 50031,
            "17": 49909,
            "18": 50306,
            "19": 49847,
            "2": 49914,
            "3": 50078,
            "4": 50001,
            "5": 49963,
            "6": 49951,
            "7": 50096,
            "8": 50066,
            "9": 49797
          }
        },
        "spawn-stats": {
          "min": 49797,
          "max": 50306,
          "p50": 50000,
          "p95": 50188,
          "max-min-ratio": 1.0102214992871057,
          "cv": 0.0024961810831748564
        },
        "histogram_for_type": {
          "aggregate_expansion_1": [
            0.963,
            1.143,
            1.295,
            1.439,
            1.599,
            1.767,
            1.983,
            2.287,
            2.847,
            3.487,
            5.343
          ],
          "aggregate_expansion_1_with_filter": [
            0.963,
            1.143,
            1.295,
            1.447,
            1.599,
            1.775,
            1.999,
            2.287,
            2.847,
            3.455,
            5.215
          ],
          "aggregate_expansion_2": [
            1.135,
            1.343,
            1.519,
            1.687,
            1.863,
            2.079,
            2.319,
            2.655,
            3.263,
            3.967,
            6.111
          ],
          "aggregate_expansion_2_with_filter": [
            1.111,
            1.319,
            1.495,
            1.655,
            1.831,
            2.023,
            2.255,
            2.591,
            3.183,
            3.839,
            5.887
          ],
          "aggregate_expansion_3": [
            1.639,
            2.063,
            2.383,
            2.703,
            3.023,
            3.375,
            3.791,
            4.351,
            5.247,
            6.239,
            10.175
          ],
          "aggregate_expansion_3_with_filter": [
            1.575,
            1.943,
            2.239,
            2.511,
            2.783,
            3.087,
            3.439,
            3.903,
            4.735,
            5.631,
            8.895
          ],
          "aggregate_expansion_4": [
            2.623,
            3.663,
            4.383,
            4.927,
            5.375,
            5.823,
            6.335,
            6.975,
            8.127,
            9.599,
            16.319
          ],
          "aggregate_expansion_4_with_filter": [
            2.431,
            3.247,
            3.775,
            4.191,
            4.575,
            4.959,
            5.407,
            5.983,
            7.039,
            8.255,
            14.015
          ],
          "single_vertex_read": [
            0.851,
            1.003,
            1.135,
            1.255,
            1.391,
            1.543,
            1.727,
            1.999,
            2.495,
            3.071,
            4.863
          ]
        }
      }
    },
    {
      "vendor": "memgraph",
      "read-write-ratio": 0.0,
      "clients": 20,
      "platform": "arm",
      "target-messages-per-second": 7500,
      "edges": 10000,
      "relationships": 121716,
      "result": {
        "deadline-offset": "0ms",
        "actual-messages-per-second": 477.6315588365659,
        "latency": {
          "p50": "15.36ms",
          "p95": "165.89ms",
          "p99": "421.89ms"
        },
        "avg-latency-ms": 41.864399877811856,
        "latency-histogram": {
          "buckets-ms": [
            1,
            1,
            5,
            10,
            25,
            50,
            100,
            250,
            500,
            1000,
            2500,
            5000,
            10000
          ],
          "cumulative-counts": [
            0,
            0,
            36316,
            296139,
            673935,
            815832,
            899141,
            973926,
            993081,
            999047,
            999982,
            1000000,
            1000000
          ],
          "count": 1000000
        },
        "elapsed-ms": 2093664,
        "cpu-usage": 0.0,
        "ram-usage": "311.6MB",
        "errors": 0,
        "successful-requests": 1000000,
        "operations": {
          "by-query": {
            "aggregate_expansion_1": 111734,
            "aggregate_expansion_1_with_filter": 110918,
            "aggregate_expansion_2": 111281,
            "aggregate_expansion_2_with_filter": 111195,
            "aggregate_expansion_3": 110543,
            "aggregate_expansion_3_with_filter": 110914,
            "aggregate_expansion_4": 110660,
            "aggregate_expansion_4_with_filter": 111339,
            "single_vertex_read": 111416
          },
          "by-spawn": {
            "0": 50450,
            "1": 49847,
            "10": 50122,
            "11": 50024,
            "12": 50210,
            "13": 49652,
            "14": 50366,
            "15": 50619,
            "16": 50421,
            "17": 49974,
            "18": 49446,
            "19": 49463,
            "2": 50021,
            "3": 49789,
            "4": 49971,
            "5": 50027,
            "6": 49758,
            "7": 49747,
            "8": 50030,
            "9": 50063
          }
        },
        "spawn-stats": {
          "min": 49446,
          "max": 50619,
          "p50": 50024,
          "p95": 50450,
          "max-min-ratio": 1.0237228491687902,
          "cv": 0.006116969838081598
        },
        "histogram_for_type": {
          "aggregate_expansion_1": [
            5.439,
            6.591,
            7.647,
            8.767,
            9.983,
            11.455,
            13.375,
            16.127,
            21.375,
            27.263,
            42.751
          ],