{
  "runs": [
    {
      "vendor": "falkordb",
      "read-write-ratio": 0.0,
      "clients": 20,
      "platform": "arm",
      "target-messages-per-second": 7500,
      "edges": 100000,
      "relationships": 1768515,
      "result": {
        "deadline-offset": "0ms",
        "actual-messages-per-second": 2820.7949000028207,
        "latency": {
          "p50": "4.031ms",
          "p95": "19.84ms",
          "p99": "29.70ms"
        },
        "avg-latency-ms": 7.076686473348271,
        "latency-histogram": {
          "buckets-ms": [
            1,
            1,
            5,
            10,
            25,
            50,
            100,
            250,
            500,
            1000,
            2500,
            5000,
            10000
          ],
          "cumulative-counts": [
            149,
            13327,
            586081,
            750369,
            980864,
            997113,
            999123,
            999853,
            999990,
            1000000,
            1000000,
            1000000,
            1000000
          ],
          "count": 1000000
        },
        "elapsed-ms": 354510,
        "cpu-usage": 0.0,
        "ram-usage": "80.0MB",
        "errors": 0,
        "successful-requests": 1000000,
        "operations": {
          "by-query": {
            "aggregate_expansion_1": 110367,
            "aggregate_expansion_1_with_filter": 111388,
            "aggregate_expansion_2": 111460,
            "aggregate_expansion_2_with_filter": 110751,
            "aggregate_expansion_3": 111275,
            "aggregate_expansion_3_with_filter": 111326,
            "aggregate_expansion_4": 111128,
            "aggregate_expansion_4_with_filter": 111452,
            "single_vertex_read": 110853
          },
          "by-spawn": {
            "0": 50150,
            "1": 49815,
            "10": 50024,
            "11": 50092,
            "12": 49879,
            "13": 50065,
            "14": 50112,
            "15": 49947,
            "16": 49975,
            "17": 50190,
            "18": 50233,
            "19": 49857,
            "2": 49748,
            "3": 50176,
            "4": 50134,
            "5": 50057,
            "6": 49872,
            "7": 49909,
            "8": 50019,
            "9": 49746
          }
        },
        "spawn-stats": {
          "min": 49746,
          "max": 50233,
          "p50": 50024,
          "p95": 50190,
          "max-min-ratio": 1.0097897318377358,
          "cv": 0.0028867767492481993
        },
        "histogram_for_type": {
          "aggregate_expansion_1": [
            1.399,
            1.751,
            2.063,
            2.351,
            2.655,
            3.007,
            3.407,
            3.967,
            4.927,
            6.015,
            10.815
          ],
          "aggregate_expansion_1_with_filter": [
            1.391,
            1.743,
            2.047,
            2.351,
            2.655,
            3.007,
            3.407,
            3.967,
            4.927,
            6.047,
            10.687
          ],
          "aggregate_expansion_2": [
            1.703,
            2.127,
            2.495,
            2.863,
            3.247,
            3.679,
            4.255,
            5.023,
            6.527,
            8.255,
            13.951
          ],
          "aggregate_expansion_2_with_filter": [
            1.647,
            2.063,
            2.415,
            2.751,
            3.087,
            3.471,
            3.935,
            4.575,
            5.727,
            7.007,
            12.223
          ],
          "aggregate_expansion_3": [
            2.735,
            3.791,
            4.895,
            6.143,
            7.615,
            9.087,
            10.495,
            12.223,
            14.783,
            17.407,
            27.135
          ],
          "aggregate_expansion_3_with_filter": [
            2.575,
            3.471,
            4.319,
            5.247,
            6.271,
            7.615,
            9.279,
            11.327,
            14.271,
            16.895,
            26.239
          ],
          "aggregate_expansion_4": [
            4.863,
            9.663,
            11.263,
            12.671,
            13.951,
            15.359,
            17.023,
            19.199,
            22.655,
            26.367,
            44.031
          ],
          "aggregate_expansion_4_with_filter": [
            4.543,
            9.791,
            11.711,
            13.247,
            14.591,
            16.063,
            17.791,
            19.967,
            23.423,
            27.135,
            45.311
          ],
          "single_vertex_read": [
            1.303,
            1.631,
            1.911,
            2.191,
            2.479,
            2.815,
            3.215,
            3.727,
            4.607,
            5.631,
            10.175
          ]
        }
      }
    },
    {
      "vendor": "memgraph",
      "read-write-ratio": 0.0,
      "clients": 20,
      "platform": "arm",
      "target-messages-per-second": 7500,
      "edges": 100000,
      "relationships": 1768515,
      "result": {
        "deadline-offset": "0ms",
        "actual-messages-per-second": 34.632114990535214,
        "latency": {
          "p50": "122.88ms",
          "p95": "1.786s",
          "p99": "10.355s"
        },
        "avg-latency-ms": 577.3385264199616,
        "latency-histogram": {
          "buckets-ms": [
            1,
            1,
            5,
            10,
            25,
            50,
            100,
            250,
            500,
            1000,
            2500,
            5000,
            10000
          ],
          "cumulative-counts": [
            0,
            0,
            343,
            10394,
            103502,
            254503,
            443068,
            683802,
            818881,
            907204,
            965870,
            983278,
            989846
          ],
          "count": 1000000
        },
        "elapsed-ms": 28874933,
        "cpu-usage": 0.0,
        "ram-usage": "644.3MB",
        "base-dataset-bytes": 307699430,
        "errors": 0,
        "successful-requests": 1000000,
        "operations": {
          "by-query": {
            "aggregate_expansion_1": 110367,
            "aggregate_expansion_1_with_filter": 111388,
            "aggregate_expansion_2": 111460,
            "aggregate_expansion_2_with_filter": 110751,
            "aggregate_expansion_3": 111275,
            "aggregate_expansion_3_with_filter": 111326,
            "aggregate_expansion_4": 111128,
            "aggregate_expansion_4_with_filter": 111452,
            "single_vertex_read": 110853
          },
          "by-spawn": {
            "0": 50508,
            "1": 50362,
            "10": 48796,
            "11": 49615,
            "12": 49682,
            "13": 50677,
            "14": 49928,
            "15": 51457,
            "16": 51032,
            "17": 50966,
            "18": 48858,
            "19": 49524,
            "2": 50312,
            "3": 49945,
            "4": 49556,
            "5": 50238,
            "6": 49067,
            "7": 49441,
            "8": 50134,
            "9": 49902
          }
        },
        "spawn-stats": {
          "min": 48796,
          "max": 51457,
          "p50": 49945,
          "p95": 51032,
          "max-min-ratio": 1.054533158455611,
          "cv": 0.01397714849316555
        },
        "histogram_for_type": {
          "aggregate_expansion_1": [
            18.687,
            27.903,
            38.399,
            51.967,
            69.119,
            92.671,
            126.463,
            180.223,
            288.767,
            417.791,
            798.719
          ],