{
  "runs": [
    {
      "vendor": "falkordb",
      "read-write-ratio": 0.0,
      "clients": 20,
      "platform": "arm",
      "target-messages-per-second": 7500,
      "edges": 10000,
      "relationships": 121716,
      "started-at-epoch-secs": 1765902027,
      "result": {
        "deadline-offset": "0ms",
        "actual-messages-per-second": 6290.574203613306,
        "latency": {
          "p50": "2.367ms",
          "p95": "7.231ms",
          "p99": "12.80ms"
        },
        "avg-latency-ms": 3.173801011659979,
        "latency-histogram": {
          "buckets-ms": [
            1,
            1,
            5,
            10,
            25,
            50,
            100,
            250,
            500,
            1000,
            2500,
            5000,
            10000
          ],
          "cumulative-counts": [
            618,
            54738,
            840329,
            982044,
            997734,
            999566,
            999938,
            1000000,
            1000000,
            1000000,
            1000000,
            1000000,
            1000000
          ],
          "count": 1000000
        },
        "elapsed-ms": 158968,
        "cpu-usage": 0.0,
        "ram-usage": "5.0MB",
        "errors": 0,
        "successful-requests": 1000000,
        "operations": {
          "by-query": {
            "aggregate_expansion_1": 111303,
            "aggregate_expansion_1_with_filter": 111359,
            "aggregate_expansion_2": 111347,
            "aggregate_expansion_2_with_filter": 111126,
            "aggregate_expansion_3": 110623,
            "aggregate_expansion_3_with_filter": 110718,
            "aggregate_expansion_4": 110810,
            "aggregate_expansion_4_with_filter": 111241,
            "single_vertex_read": 111473
          },
          "by-spawn": {
            "0": 50090,
            "1": 49765,
            "10": 49987,
            "11": 49985,
            "12": 49975,
            "13": 50004,
            "14": 50135,
            "15": 49955,
            "16": 49788,
            "17": 50181,
            "18": 50076,
            "19": 50147,
            "2": 49904,
            "3": 49975,
            "4": 50021,
            "5": 49874,
            "6": 50030,
            "7": 50278,
            "8": 49908,
            "9": 49922
          }
        },
        "spawn-stats": {
          "min": 49765,
          "max": 50278,
          "p50": 49987,
          "p95": 50181,
          "max-min-ratio": 1.010308449713654,
          "cv": 0.002484310769609954
        },
        "histogram_for_type": {
          "aggregate_expansion_1": [
            1.003,
            1.199,
            1.359,
            1.519,
            1.687,
            1.879,
            2.111,
            2.447,
            3.087,
            3.951,
            7.135
          ],
          "aggregate_expansion_1_with_filter": [
            1.003,
            1.191,
            1.359,
            1.519,
            1.687,
            1.879,
            2.127,
            2.463,
            3.103,
            3.935,
            7.103
          ],
          "aggregate_expansion_2": [
            1.183,
            1.407,
            1.591,
            1.775,
            1.967,
            2.191,
            2.463,
            2.831,
            3.551,
            4.511,
            8.191
          ],
          "aggregate_expansion_2_with_filter": [
            1.159,
            1.375,
            1.559,
            1.743,
            1.927,
            2.143,
            2.399,
            2.767,
            3.471,
            4.415,
            8.063
          ],
          "aggregate_expansion_3": [
            1.703,
            2.127,
            2.479,
            2.815,
            3.151,
            3.519,
            3.951,
            4.543,
            5.599,
            7.007,
            13.503
          ],
          "aggregate_expansion_3_with_filter": [
            1.631,
            2.023,
            2.335,
            2.623,
            2.911,
            3.215,
            3.599,
            4.127,
            5.087,
            6.367,
            11.839
          ],
          "aggregate_expansion_4": [
            2.751,
            3.791,
            4.543,
            5.087,
            5.535,
            6.015,
            6.527,
            7.231,
            8.639,
            10.879,
            22.143
          ],
          "aggregate_expansion_4_with_filter": [
            2.527,
            3.375,
            3.919,
            4.351,
            4.735,
            5.151,
            5.631,
            6.271,
            7.487,
            9.343,
            18.175
          ],
          "single_vertex_read": [
            0.895,
            1.055,
            1.191,
            1.327,
            1.471,
            1.639,
            1.855,
            2.175,
            2.751,
            3.583,
            6.815
          ]
        }
      }
    },
    {
      "vendor": "memgraph",
      "read-write-ratio": 0.0,
      "clients": 20,
      "platform": "arm",
      "target-messages-per-second": 7500,
      "edges": 10000,
      "relationships": 121716,
      "started-at-epoch-secs": 1765907525,
      "result": {
        "deadline-offset": "0ms",
        "actual-messages-per-second": 457.00246598530646,
        "latency": {
          "p50": "16.00ms",
          "p95": "174.08ms",
          "p99": "440.32ms"
        },
        "avg-latency-ms": 43.74079263992555,
        "latency-histogram": {
          "buckets-ms": [
            1,
            1,
            5,
            10,
            25,
            50,
            100,
            250,
            500,
            1000,
            2500,
            5000,
            10000
          ],
          "cumulative-counts": [
            0,
            0,
            30390,
            276297,
            661289,
            809870,
            894545,
            971732,
            992330,
            998898,
            999980,
            1000000,
            1000000
          ],
          "count": 1000000
        },
        "elapsed-ms": 2188172,
        "cpu-usage": 0.0,
        "ram-usage": "309.9MB",
        "base-dataset-bytes": 21837992,
        "errors": 0,
        "successful-requests": 1000000,
        "operations": {
          "by-query": {
            "aggregate_expansion_1": 111303,
            "aggregate_expansion_1_with_filter": 111359,
            "aggregate_expansion_2": 111347,
            "aggregate_expansion_2_with_filter": 111126,
            "aggregate_expansion_3": 110623,
            "aggregate_expansion_3_with_filter": 110718,
            "aggregate_expansion_4": 110810,
            "aggregate_expansion_4_with_filter": 111241,
            "single_vertex_read": 111473
          },
          "by-spawn": {
            "0": 50252,
            "1": 49188,
            "10": 50034,
            "11": 49875,
            "12": 50538,
            "13": 49224,
            "14": 49644,
            "15": 50198,
            "16": 50146,
            "17": 49711,
            "18": 50063,
            "19": 50233,
            "2": 50491,
            "3": 50750,
            "4": 49842,
            "5": 49294,
            "6": 50428,
            "7": 49773,
            "8": 50295,
            "9": 50021
          }
        },
        "spawn-stats": {
          "min": 49188,
          "max": 50750,
          "p50": 50063,
          "p95": 50538,
          "max-min-ratio": 1.0317557127754737,
          "cv": 0.008496403945199404
        },
        "histogram_for_type": {
          "aggregate_expansion_1": [
            5.663,
            6.879,
            7.967,
            9.087,
            10.367,
            11.903,
            13.951,
            16.895,
            22.271,
            28.287,
            44.799
          ],