{
  "runs": [
    {
      "vendor": "falkordb",
      "read-write-ratio": 0.0,
      "clients": 20,
      "platform": "arm",
      "target-messages-per-second": 7500,
      "edges": 10000,
      "relationships": 121716,
      "result": {
        "deadline-offset": "0ms",
        "actual-messages-per-second": 6989.4878103332585,
        "latency": {
          "p50": "2.191ms",
          "p95": "6.559ms",
          "p99": "9.535ms"
        },
        "avg-latency-ms": 2.8561611691469286,
        "latency-histogram": {
          "buckets-ms": [
            1,
            1,
            5,
            10,
            25,
            50,
            100,
            250,
            500,
            1000,
            2500,
            5000,
            10000
          ],
          "cumulative-counts": [
            781,
            70057,
            869304,
            991792,
            999085,
            999867,
            999970,
            999999,
            1000000,
            1000000,
            1000000,
            1000000,
            1000000
          ],
          "count": 1000000
        },
        "elapsed-ms": 143072,
        "cpu-usage": 0.0,
        "ram-usage": "5.0MB",
        "errors": 0,
        "successful-requests": 1000000,
        "operations": {
          "by-query": {
            "aggregate_expansion_1": 110919,
            "aggregate_expansion_1_with_filter": 111061,
            "aggregate_expansion_2": 111042,
            "aggregate_expansion_2_with_filter": 111731,
            "aggregate_expansion_3": 111315,
            "aggregate_expansion_3_with_filter": 110604,
            "aggregate_expansion_4": 111040,
            "aggregate_expansion_4_with_filter": 111024,
            "single_vertex_read": 111264
          },
          "by-spawn": {
            "0": 50208,
            "1": 50064,
            "10": 49821,
            "11": 49819,
            "12": 49982,
            "13": 49991,
            "14": 49803,
            "15": 49945,
            "16": 49908,
            "17": 50310,
            "18": 50029,
            "19": 50048,
            "2": 49999,
            "3": 50077,
            "4": 50037,
            "5": 49931,
            "6": 49991,
            "7": 50086,
            "8": 49903,
            "9": 50048
          }
        },
        "spawn-stats": {
          "min": 49803,
          "max": 50310,
          "p50": 49999,
          "p95": 50208,
          "max-min-ratio": 1.0101801096319498,
          "cv": 0.002422230377152429
        },
        "histogram_for_type": {
          "aggregate_expansion_1": [
            0.947,
            1.119,
            1.271,
            1.415,
            1.559,
            1.727,
            1.935,
            2.223,
            2.719,
            3.279,
            4.831
          ],
          "aggregate_expansion_1_with_filter": [
            0.947,
            1.127,
            1.271,
            1.415,
            1.567,
            1.727,
            1.935,
            2.223,
            2.719,
            3.279,
            4.863
          ],
          "aggregate_expansion_2": [
            1.119,
            1.327,
            1.495,
            1.663,
            1.839,
            2.031,
            2.271,
            2.575,
            3.135,
            3.775,
            5.663
          ],
          "aggregate_expansion_2_with_filter": [
            1.103,
            1.295,
            1.463,
            1.623,
            1.791,
            1.975,
            2.207,
            2.511,
            3.055,
            3.695,
            5.471
          ],
          "aggregate_expansion_3": [
            1.615,
            2.023,
            2.367,
            2.671,
            2.991,
            3.327,
            3.727,
            4.223,
            5.087,
            5.983,
            9.279
          ],
          "aggregate_expansion_3_with_filter": [
            1.559,
            1.919,
            2.207,
            2.463,
            2.735,
            3.039,
            3.375,
            3.823,
            4.575,
            5.407,
            8.191
          ],
          "aggregate_expansion_4": [
            2.623,
            3.647,
            4.383,
            4.895,
            5.343,
            5.791,
            6.271,
            6.879,
            7.935,
            9.215,
            15.551
          ],
          "aggregate_expansion_4_with_filter": [
            2.399,
            3.231,
            3.759,
            4.159,
            4.543,
            4.927,
            5.343,
            5.919,
            6.879,
            7.967,
            12.927
          ],
          "single_vertex_read": [
            0.843,
            0.987,
            1.111,
            1.231,
            1.359,
            1.503,
            1.687,
            1.943,
            2.383,
            2.911,
            4.415
          ]
        }
      }
    },
    {
      "vendor": "memgraph",
      "read-write-ratio": 0.0,
      "clients": 20,
      "platform": "arm",
      "target-messages-per-second": 7500,
      "edges": 10000,
      "relationships": 121716,
      "result": {
        "deadline-offset": "0ms",
        "actual-messages-per-second": 477.09377373541525,
        "latency": {
          "p50": "15.36ms",
          "p95": "165.89ms",
          "p99": "421.89ms"
        },
        "avg-latency-ms": 41.9093296457294,
        "latency-histogram": {
          "buckets-ms": [
            1,
            1,
            5,
            10,
            25,
            50,
            100,
            250,
            500,
            1000,
            2500,
            5000,
            10000
          ],
          "cumulative-counts": [
            0,
            0,
            38102,
            297714,
            673956,
            816410,
            899334,
            973818,
            993026,
            999018,
            999981,
            1000000,
            1000000
          ],
          "count": 1000000
        },
        "elapsed-ms": 2096024,
        "cpu-usage": 0.0,
        "ram-usage": "0MB",
        "base-dataset-bytes": 21837992,
        "errors": 0,
        "successful-requests": 1000000,
        "operations": {
          "by-query": {
            "aggregate_expansion_1": 110919,
            "aggregate_expansion_1_with_filter": 111061,
            "aggregate_expansion_2": 111042,
            "aggregate_expansion_2_with_filter": 111731,
            "aggregate_expansion_3": 111315,
            "aggregate_expansion_3_with_filter": 110604,
            "aggregate_expansion_4": 111040,
            "aggregate_expansion_4_with_filter": 111024,
            "single_vertex_read": 111264
          },
          "by-spawn": {
            "0": 49874,
            "1": 49833,
            "10": 49886,
            "11": 50295,
            "12": 49967,
            "13": 50325,
            "14": 49552,
            "15": 49349,
            "16": 50185,
            "17": 49904,
            "18": 50325,
            "19": 50588,
            "2": 50155,
            "3": 49807,
            "4": 50637,
            "5": 49940,
            "6": 49270,
            "7": 50634,
            "8": 49278,
            "9": 50196
          }
        },
        "spawn-stats": {
          "min": 49270,
          "max": 50637,
          "p50": 49967,
          "p95": 50634,
          "max-min-ratio": 1.0277450781408566,
          "cv": 0.008167023937763376
        },
        "histogram_for_type": {
          "aggregate_expansion_1": [
            5.407,
            6.559,
            7.615,
            8.703,
            9.919,
            11.391,
            13.247,
            15.999,
            21.247,
            27.135,
            43.007
          ],