{
  "runs": [
    {
      "vendor": "falkordb",
      "read-write-ratio": 0.0,
      "clients": 20,
      "platform": "arm",
      "target-messages-per-second": 3000,
      "edges": 10000,
      "relationships": 121716,
      "result": {
        "deadline-offset": "0ms",
        "actual-messages-per-second": 2998.1681192791207,
        "latency": {
          "p50": "10ms",
          "p95": "10ms",
          "p99": "25ms"
        },
        "avg-latency-ms": 6.666533040204934,
        "latency-histogram": {
          "buckets-ms": [
            1,
            1,
            5,
            10,
            25,
            50,
            100,
            250,
            500,
            1000,
            2500,
            5000,
            10000
          ],
          "cumulative-counts": [
            16,
            421,
            150295,
            952969,
            999341,
            999921,
            999969,
            1000000,
            1000000,
            1000000,
            1000000,
            1000000,
            1000000
          ],
          "count": 1000000
        },
        "elapsed-ms": 333537,
        "cpu-usage": 0.0,
        "ram-usage": "0MB",
        "errors": 0,
        "successful-requests": 1000000,
        "operations": {
          "by-query": {
            "aggregate_expansion_1": 110773,
            "aggregate_expansion_1_with_filter": 110920,
            "aggregate_expansion_2": 111014,
            "aggregate_expansion_2_with_filter": 111530,
            "aggregate_expansion_3": 111251,
            "aggregate_expansion_3_with_filter": 111247,
            "aggregate_expansion_4": 110981,
            "aggregate_expansion_4_with_filter": 111288,
            "single_vertex_read": 110996
          },
          "by-spawn": {
            "0": 49994,
            "1": 49976,
            "10": 50001,
            "11": 49944,
            "12": 49981,
            "13": 49879,
            "14": 50015,
            "15": 50017,
            "16": 50077,
            "17": 49997,
            "18": 50014,
            "19": 50036,
            "2": 50002,
            "3": 49994,
            "4": 50032,
            "5": 50010,
            "6": 50079,
            "7": 49968,
            "8": 49950,
            "9": 50034
          }
        },
        "spawn-stats": {
          "min": 49879,
          "max": 50079,
          "p50": 50002,
          "p95": 50077,
          "max-min-ratio": 1.0040097034824276,
          "cv": 0.0008806815542521599
        }
      }
    },
    {
      "vendor": "neo4j",
      "read-write-ratio": 0.0,
      "clients": 20,
      "platform": "arm",
      "target-messages-per-second": 3000,
      "edges": 10000,
      "relationships": 121716,
      "result": {
        "deadline-offset": "0ms",
        "actual-messages-per-second": 210.61912122541574,
        "latency": {
          "p50": "25ms",
          "p95": "500ms",
          "p99": "2.50s"
        },
        "avg-latency-ms": 94.9404479796689,
        "latency-histogram": {
          "buckets-ms": [
            1,
            1,
            5,
            10,
            25,
            50,
            100,
            250,
            500,
            1000,
            2500,
            5000,
            10000
          ],
          "cumulative-counts": [
            0,
            302,
            109917,
            246921,
            523619,
            716664,
            832631,
            916024,
            958611,
            983937,
            997870,
            999766,
            999997
          ],
          "count": 1000000
        },
        "elapsed-ms": 4747907,
        "cpu-usage": 0.0,
        "ram-usage": "0MB",
        "errors": 0,
        "successful-requests": 1000000,
        "operations": {
          "by-query": {
            "aggregate_expansion_1": 110773,
            "aggregate_expansion_1_with_filter": 110920,
            "aggregate_expansion_2": 111014,
            "aggregate_expansion_2_with_filter": 111530,
            "aggregate_expansion_3": 111251,
            "aggregate_expansion_3_with_filter": 111247,
            "aggregate_expansion_4": 110981,
            "aggregate_expansion_4_with_filter": 111288,
            "single_vertex_read": 110996
          },
          "by-spawn": {
            "0": 50613,
            "1": 49311,
            "10": 50256,
            "11": 48978,
            "12": 49238,
            "13": 50030,
            "14": 49210,
            "15": 49846,
            "16": 49805,
            "17": 50126,
            "18": 50238,
            "19": 50684,
            "2": 49778,
            "3": 49822,
            "4": 50649,
            "5": 51220,
            "6": 50008,
            "7": 49757,
            "8": 49999,
            "9": 50432
          }
        },
        "spawn-stats": {
          "min": 48978,
          "max": 51220,
          "p50": 50008,
          "p95": 50684,
          "max-min-ratio": 1.045775654375434,
          "cv": 0.010958629476353328
        }
      }
    }
  ]
}