{
  "runs": [
    {
      "vendor": "falkordb",
      "read-write-ratio": 0.0,
      "clients": 20,
      "platform": "arm",
      "target-messages-per-second": 7500,
      "edges": 10000,
      "relationships": 121716,
      "started-at-epoch-secs": 1765902027,
      "result": {
        "deadline-offset": "0ms",
        "actual-messages-per-second": 6290.574203613306,
        "latency": {
          "p50": "2.367ms",
          "p95": "7.231ms",
          "p99": "12.80ms"
        },
        "avg-latency-ms": 3.173801011659979,
        "latency-histogram": {
          "buckets-ms": [
            1,
            1,
            5,
            10,
            25,
            50,
            100,
            250,
            500,
            1000,
            2500,
            5000,
            10000
          ],
          "cumulative-counts": [
            618,
            54738,
            840329,
            982044,
            997734,
            999566,
            999938,
            1000000,
            1000000,
            1000000,
            1000000,
            1000000,
            1000000
          ],
          "count": 1000000
        },
        "elapsed-ms": 158968,
        "cpu-usage": 0.0,
        "ram-usage": "5.0MB",
        "errors": 0,
        "successful-requests": 1000000,
        "operations": {
          "by-query": {
            "aggregate_expansion_1": 111303,
            "aggregate_expansion_1_with_filter": 111359,
            "aggregate_expansion_2": 111347,
            "aggregate_expansion_2_with_filter": 111126,
            "aggregate_expansion_3": 110623,
            "aggregate_expansion_3_with_filter": 110718,
            "aggregate_expansion_4": 110810,
            "aggregate_expansion_4_with_filter": 111241,
            "single_vertex_read": 111473
          },
          "by-spawn": {
            "0": 50090,
            "1": 49765,
            "10": 49987,
            "11": 49985,
            "12": 49975,
            "13": 50004,
            "14": 50135,
            "15": 49955,
            "16": 49788,
            "17": 50181,
            "18": 50076,
            "19": 50147,
            "2": 49904,
            "3": 49975,
            "4": 50021,
            "5": 49874,
            "6": 50030,
            "7": 50278,
            "8": 49908,
            "9": 49922
          }
        },
        "spawn-stats": {
          "min": 49765,
          "max": 50278,
          "p50": 49987,
          "p95": 50181,
          "max-min-ratio": 1.010308449713654,
          "cv": 0.002484310769609954
        },
        "histogram_for_type": {
          "aggregate_expansion_1": [
            1.003,
            1.199,
            1.359,
            1.519,
            1.687,
            1.879,
            2.111,
            2.447,
            3.087,
            3.951,
            7.135
          ],
          "aggregate_expansion_1_with_filter": [
            1.003,
            1.191,
            1.359,
            1.519,
            1.687,
            1.879,
            2.127,
            2.463,
            3.103,
            3.935,
            7.103
          ],
          "aggregate_expansion_2": [
            1.183,
            1.407,
            1.591,
            1.775,
            1.967,
            2.191,
            2.463,
            2.831,
            3.551,
            4.511,
            8.191
          ],
          "aggregate_expansion_2_with_filter": [
            1.159,
            1.375,
            1.559,
            1.743,
            1.927,
            2.143,
            2.399,
            2.767,
            3.471,
            4.415,
            8.063
          ],
          "aggregate_expansion_3": [
            1.703,
            2.127,
            2.479,
            2.815,
            3.151,
            3.519,
            3.951,
            4.543,
            5.599,
            7.007,
            13.503
          ],
          "aggregate_expansion_3_with_filter": [
            1.631,
            2.023,
            2.335,
            2.623,
            2.911,
            3.215,
            3.599,
            4.127,
            5.087,
            6.367,
            11.839
          ],
          "aggregate_expansion_4": [
            2.751,
            3.791,
            4.543,
            5.087,
            5.535,
            6.015,
            6.527,
            7.231,
            8.639,
            10.879,
            22.143
          ],
          "aggregate_expansion_4_with_filter": [
            2.527,
            3.375,
            3.919,
            4.351,
            4.735,
            5.151,
            5.631,
            6.271,
            7.487,
            9.343,
            18.175
          ],
          "single_vertex_read": [
            0.895,
            1.055,
            1.191,
            1.327,
            1.471,
            1.639,
            1.855,
            2.175,
            2.751,
            3.583,
            6.815
          ]
        }
      }
    },
    {
      "vendor": "neo4j",
      "read-write-ratio": 0.0,
      "clients": 20,
      "platform": "arm",
      "target-messages-per-second": 7500,
      "edges": 10000,
      "relationships": 121716,
      "started-at-epoch-secs": 1765902188,
      "result": {
        "deadline-offset": "0ms",
        "actual-messages-per-second": 187.46032870793718,
        "latency": {
          "p50": "25.47ms",
          "p95": "477.18ms",
          "p99": "1.483s"
        },
        "avg-latency-ms": 106.64583230699402,
        "latency-histogram": {
          "buckets-ms": [
            1,
            1,
            5,
            10,
            25,
            50,
            100,
            250,
            500,
            1000,
            2500,
            5000,
            10000
          ],
          "cumulative-counts": [
            0,
            106,
            96085,
            224461,
            494661,
            693341,
            820067,
            905847,
            952589,
            980770,
            997011,
            999629,
            999998
          ],
          "count": 1000000
        },
        "elapsed-ms": 5334462,
        "cpu-usage": 0.0,
        "ram-usage": "0MB",
        "base-dataset-bytes": 6622012,
        "errors": 0,
        "successful-requests": 1000000,
        "operations": {
          "by-query": {
            "aggregate_expansion_1": 111303,
            "aggregate_expansion_1_with_filter": 111359,
            "aggregate_expansion_2": 111347,
            "aggregate_expansion_2_with_filter": 111126,
            "aggregate_expansion_3": 110623,
            "aggregate_expansion_3_with_filter": 110718,
            "aggregate_expansion_4": 110810,
            "aggregate_expansion_4_with_filter": 111241,
            "single_vertex_read": 111473
          },
          "by-spawn": {
            "0": 49731,
            "1": 49477,
            "10": 50575,
            "11": 49786,
            "12": 50333,
            "13": 49733,
            "14": 51311,
            "15": 50304,
            "16": 49895,
            "17": 50316,
            "18": 49086,
            "19": 49624,
            "2": 49691,
            "3": 51715,
            "4": 48909,
            "5": 48991,
            "6": 50284,
            "7": 50212,
            "8": 49905,
            "9": 50122
          }
        },
        "spawn-stats": {
          "min": 48909,
          "max": 51715,
          "p50": 49905,
          "p95": 51311,
          "max-min-ratio": 1.0573718538510295,
          "cv": 0.013563079296383989
        },
        "histogram_for_type": {
          "aggregate_expansion_1": [
            3.503,
            5.535,
            8.095,
            11.135,
            14.719,
            19.327,
            25.471,
            35.071,
            54.271,
            75.775,
            130.559
          ],