{
  "runs": [
    {
      "vendor": "falkordb",
      "read-write-ratio": 0.0,
      "clients": 20,
      "platform": "arm",
      "target-messages-per-second": 7500,
      "edges": 10000,
      "relationships": 121716,
      "started-at-epoch-secs": 1765884076,
      "result": {
        "deadline-offset": "0ms",
        "actual-messages-per-second": 6598.308193779115,
        "latency": {
          "p50": "2.255ms",
          "p95": "6.911ms",
          "p99": "11.26ms"
        },
        "avg-latency-ms": 3.0249759157840983,
        "latency-histogram": {
          "buckets-ms": [
            1,
            1,
            5,
            10,
            25,
            50,
            100,
            250,
            500,
            1000,
            2500,
            5000,
            10000
          ],
          "cumulative-counts": [
            698,
            62530,
            854430,
            986207,
            998205,
            999651,
            999923,
            999991,
            1000000,
            1000000,
            1000000,
            1000000,
            1000000
          ],
          "count": 1000000
        },
        "elapsed-ms": 151554,
        "cpu-usage": 0.0,
        "ram-usage": "5.0MB",
        "errors": 0,
        "successful-requests": 1000000,
        "operations": {
          "by-query": {
            "aggregate_expansion_1": 111178,
            "aggregate_expansion_1_with_filter": 111023,
            "aggregate_expansion_2": 111817,
            "aggregate_expansion_2_with_filter": 110643,
            "aggregate_expansion_3": 110841,
            "aggregate_expansion_3_with_filter": 110839,
            "aggregate_expansion_4": 111398,
            "aggregate_expansion_4_with_filter": 111504,
            "single_vertex_read": 110757
          },
          "by-spawn": {
            "0": 49969,
            "1": 49865,
            "10": 50042,
            "11": 50206,
            "12": 49988,
            "13": 50057,
            "14": 49905,
            "15": 50214,
            "16": 49974,
            "17": 50250,
            "18": 49896,
            "19": 49728,
            "2": 49820,
            "3": 50151,
            "4": 50024,
            "5": 49906,
            "6": 50114,
            "7": 50017,
            "8": 49853,
            "9": 50021
          }
        },
        "spawn-stats": {
          "min": 49728,
          "max": 50250,
          "p50": 50017,
          "p95": 50214,
          "max-min-ratio": 1.0104971042471043,
          "cv": 0.002718543727807224
        },
        "histogram_for_type": {
          "aggregate_expansion_1": [
            0.975,
            1.159,
            1.311,
            1.455,
            1.615,
            1.791,
            2.007,
            2.319,
            2.879,
            3.567,
            6.047
          ],
          "aggregate_expansion_1_with_filter": [
            0.975,
            1.159,
            1.311,
            1.463,
            1.615,
            1.791,
            2.007,
            2.319,
            2.879,
            3.551,
            6.079
          ],
          "aggregate_expansion_2": [
            1.143,
            1.359,
            1.535,
            1.711,
            1.887,
            2.095,
            2.335,
            2.671,
            3.311,
            4.095,
            7.007
          ],
          "aggregate_expansion_2_with_filter": [
            1.127,
            1.335,
            1.503,
            1.671,
            1.847,
            2.039,
            2.287,
            2.607,
            3.231,
            3.999,
            6.879
          ],
          "aggregate_expansion_3": [
            1.663,
            2.079,
            2.415,
            2.735,
            3.055,
            3.407,
            3.823,
            4.383,
            5.311,
            6.463,
            11.903
          ],
          "aggregate_expansion_3_with_filter": [
            1.591,
            1.959,
            2.255,
            2.527,
            2.815,
            3.119,
            3.471,
            3.951,
            4.831,
            5.855,
            10.303
          ],
          "aggregate_expansion_4": [
            2.687,
            3.727,
            4.447,
            4.991,
            5.471,
            5.919,
            6.431,
            7.103,
            8.383,
            9.983,
            20.095
          ],
          "aggregate_expansion_4_with_filter": [
            2.463,
            3.279,
            3.823,
            4.255,
            4.639,
            5.023,
            5.471,
            6.079,
            7.167,
            8.639,
            16.383
          ],
          "single_vertex_read": [
            0.863,
            1.015,
            1.151,
            1.271,
            1.407,
            1.559,
            1.751,
            2.031,
            2.575,
            3.247,
            5.791
          ]
        }
      }
    },
    {
      "vendor": "neo4j",
      "read-write-ratio": 0.0,
      "clients": 20,
      "platform": "arm",
      "target-messages-per-second": 7500,
      "edges": 10000,
      "relationships": 121716,
      "started-at-epoch-secs": 1765884230,
      "result": {
        "deadline-offset": "0ms",
        "actual-messages-per-second": 211.8817792899545,
        "latency": {
          "p50": "23.68ms",
          "p95": "419.84ms",
          "p99": "1.294s"
        },
        "avg-latency-ms": 94.3726853130468,
        "latency-histogram": {
          "buckets-ms": [
            1,
            1,
            5,
            10,
            25,
            50,
            100,
            250,
            500,
            1000,
            2500,
            5000,
            10000
          ],
          "cumulative-counts": [
            1,
            141,
            103967,
            239552,
            518708,
            716498,
            833105,
            915926,
            958798,
            984350,
            998056,
            999783,
            1000000
          ],
          "count": 1000000
        },
        "elapsed-ms": 4719613,
        "cpu-usage": 0.0,
        "ram-usage": "0MB",
        "errors": 0,
        "successful-requests": 1000000,
        "operations": {
          "by-query": {
            "aggregate_expansion_1": 111178,
            "aggregate_expansion_1_with_filter": 111023,
            "aggregate_expansion_2": 111817,
            "aggregate_expansion_2_with_filter": 110643,
            "aggregate_expansion_3": 110841,
            "aggregate_expansion_3_with_filter": 110839,
            "aggregate_expansion_4": 111398,
            "aggregate_expansion_4_with_filter": 111504,
            "single_vertex_read": 110757
          },
          "by-spawn": {
            "0": 49919,
            "1": 50078,
            "10": 50294,
            "11": 49835,
            "12": 49802,
            "13": 50606,
            "14": 50300,
            "15": 50103,
            "16": 48662,
            "17": 50667,
            "18": 49004,
            "19": 50139,
            "2": 49735,
            "3": 50390,
            "4": 50032,
            "5": 48865,
            "6": 49978,
            "7": 50517,
            "8": 50754,
            "9": 50320
          }
        },
        "spawn-stats": {
          "min": 48662,
          "max": 50754,
          "p50": 50103,
          "p95": 50667,
          "max-min-ratio": 1.0429904237392627,
          "cv": 0.011251744753592663
        },
        "histogram_for_type": {
          "aggregate_expansion_1": [
            3.343,
            5.279,
            7.711,
            10.495,
            13.823,
            17.919,
            23.295,
            31.871,
            48.383,
            67.583,
            116.223
          ],