{
  "schema_version": 2,
  "meta": {
    "tool_version": "0.1.0",
    "endpoint": "falkor://127.0.0.1:6379",
    "graph": "tutorial_demo",
    "samples": 500,
    "warmup": 100,
    "concurrency": [
      1,
      4
    ],
    "seed": 42,
    "corpus_size": 256,
    "server_timeout_ms": 5000,
    "client_deadline_ms": 6000,
    "connection": "pool(size=1) per worker",
    "started_at_epoch_secs": 1784715025,
    "server": {
      "module_graph_ver": 42001,
      "cache_size": 25,
      "redis_version": "8.6.3",
      "redis_build_id": "313de0794c1dcd59",
      "redis_git_sha1": "00000000",
      "run_id": "6f355549c5aa2543b9abe5822767ec8c0b1a8c2a",
      "os": "Linux 6.12.76-linuxkit aarch64",
      "arch_bits": "64",
      "server_image": null
    },
    "host": {
      "hostname": "bench-host",
      "os": "macOS 26.5.2 Tahoe",
      "kernel": "25.5.0",
      "arch": "arm64",
      "cpu": "Apple M1 Pro",
      "physical_cores": 10,
      "logical_cores": 10,
      "total_memory_bytes": 17179869184
    },
    "dataset": {
      "seed": 42,
      "nodes": 1000,
      "edges": 5000,
      "corpus_hash": "sha256:57638f31c17b7be582ca3c15f7e3c4ad050189e4200f5af478f6711658dd5eb5"
    }
  },
  "operations": {
    "aggregate_count": {
      "levels": [
        {
          "concurrency": 1,
          "cached": {
            "throughput_ops_per_sec": 2718.6841568680757,
            "metrics": {
              "server_ms": {
                "n": 468,
                "removed": 32,
                "min": 0.062791,
                "mean": 0.0774785918803418,
                "median": 0.077208,
                "p90": 0.0853039,
                "p95": 0.09058969999999998,
                "p99": 0.09374924999999999,
                "max": 0.094583,
                "stddev": 0.006143927779691987
              },
              "total_ms": {
                "n": 468,
                "removed": 32,
                "min": 0.311375,
                "mean": 0.3588907735042738,
                "median": 0.356521,
                "p90": 0.38408739999999997,
                "p95": 0.39530275,
                "p99": 0.43097738999999996,
                "max": 0.446834,
                "stddev": 0.02073823801806699
              },
              "non_internal_ms": {
                "n": 468,
                "removed": 32,
                "min": 0.234625,
                "mean": 0.28141218162393156,
                "median": 0.27912500000000007,
                "p90": 0.30449529999999997,
                "p95": 0.31325000000000003,
                "p99": 0.34006231,
                "max": 0.355834,
                "stddev": 0.018262510106443558
              },
              "cached_false_rate": 0.0,
              "cached_unknown": 0
            }
          },
          "uncached": {
            "throughput_ops_per_sec": 2443.531012369511,
            "metrics": {
              "server_ms": {
                "n": 477,
                "removed": 23,
                "min": 0.109625,
                "mean": 0.12585920964360578,
                "median": 0.125458,
                "p90": 0.1353416,
                "p95": 0.13816620000000002,
                "p99": 0.14259307999999998,
                "max": 0.145292,
                "stddev": 0.006690141671987948
              },
              "total_ms": {
                "n": 477,
                "removed": 23,
                "min": 0.36166600000000004,
                "mean": 0.40504891404612126,
                "median": 0.403583,
                "p90": 0.4276918,
                "p95": 0.43686600000000003,
                "p99": 0.45209708,
                "max": 0.481708,
                "stddev": 0.01777701553690383
              },
              "non_internal_ms": {
                "n": 477,
                "removed": 23,
                "min": 0.242875,
                "mean": 0.2791897044025158,
                "median": 0.278374,
                "p90": 0.2981168,
                "p95": 0.30496639999999997,
                "p99": 0.32440192,
                "max": 0.346791,
                "stddev": 0.015806202694815825
              },
              "cached_false_rate": 1.0,
              "cached_unknown": 0
            }
          },
          "compilation_ms_median": 0.04824999999999999
        },
        {
          "concurrency": 4,
          "cached": {
            "throughput_ops_per_sec": 8275.864899882063,
            "metrics": {
              "server_ms": {
                "n": 1953,
                "removed": 47,
                "min": 0.055083,
                "mean": 0.09680684280593951,
                "median": 0.090917,
                "p90": 0.1273994,
                "p95": 0.13990839999999993,
                "p99": 0.16453684000000005,
                "max": 0.182584,
                "stddev": 0.021321672817251686
              },
              "total_ms": {
                "n": 1953,
                "removed": 47,
                "min": 0.30624999999999997,
                "mean": 0.47450047721454064,
                "median": 0.463958,
                "p90": 0.570383,
                "p95": 0.6009836,
                "p99": 0.68609984,
                "max": 0.77425,
                "stddev": 0.06953691339771509
              },
              "non_internal_ms": {
                "n": 1953,
                "removed": 47,
                "min": 0.23770899999999995,
                "mean": 0.3776936344086024,
                "median": 0.367792,
                "p90": 0.46816719999999995,
                "p95": 0.4958508,
                "p99": 0.5858478,
                "max": 0.689292,
                "stddev": 0.06584968036789166
              },
              "cached_false_rate": 0.0,
              "cached_unknown": 0
            }
          },
          "uncached": {
            "throughput_ops_per_sec": 7329.0588454312265,
            "metrics": {
              "server_ms": {
                "n": 1975,
                "removed": 25,
                "min": 0.106667,
                "mean": 0.17256428556962014,
                "median": 0.162375,
                "p90": 0.22107520000000006,
                "p95": 0.2464538,
                "p99": 0.29373457999999997,
                "max": 0.321125,
                "stddev": 0.03583483663846946
              },
              "total_ms": {
                "n": 1975,
                "removed": 25,
                "min": 0.377416,
                "mean": 0.5370396202531645,
                "median": 0.52825,
                "p90": 0.6225334000000001,
                "p95": 0.6545207,
                "p99": 0.71903534,
                "max": 0.819667,
                "stddev": 0.06409677254439723
              },
              "non_internal_ms": {
                "n": 1975,
                "removed": 25,
                "min": 0.22604100000000002,
                "mean": 0.36447533468354393,
                "median": 0.356834,
                "p90": 0.4328580000000001,
                "p95": 0.46705359999999996,
                "p99": 0.5287995,
                "max": 0.632042,
                "stddev": 0.053779009629444936
              },
              "cached_false_rate": 1.0,
              "cached_unknown": 0
            }
          },
          "compilation_ms_median": 0.071458
        }
      ],
      "result_digest": "sha256:30e5cae381b577513e33337805e84789d63ed8b252cf04cf10f8a3c162c15d67"
    },
    "expand_1_hop": {
      "levels": [
        {
          "concurrency": 1,
          "cached": {
            "throughput_ops_per_sec": 2739.2144622108735,
            "metrics": {
              "server_ms": {
                "n": 479,
                "removed": 21,
                "min": 0.056792,
                "mean": 0.0712154467640918,
                "median": 0.071417,
                "p90": 0.0775334,
                "p95": 0.0815827,
                "p99": 0.08607796,
                "max": 0.08725,