{
  "schema_version": 2,
  "meta": {
    "tool_version": "0.1.0",
    "endpoint": "falkor://127.0.0.1:6379",
    "graph": "tutorial_demo",
    "samples": 500,
    "warmup": 100,
    "concurrency": [
      1,
      4
    ],
    "seed": 42,
    "corpus_size": 256,
    "server_timeout_ms": 5000,
    "client_deadline_ms": 6000,
    "connection": "pool(size=1) per worker",
    "started_at_epoch_secs": 1784716643,
    "server": {
      "module_graph_ver": 42001,
      "cache_size": 25,
      "redis_version": "8.6.3",
      "redis_build_id": "313de0794c1dcd59",
      "redis_git_sha1": "00000000",
      "run_id": "6f355549c5aa2543b9abe5822767ec8c0b1a8c2a",
      "os": "Linux 6.12.76-linuxkit aarch64",
      "arch_bits": "64",
      "server_image": null
    },
    "host": {
      "hostname": "bench-host",
      "os": "macOS 26.5.2 Tahoe",
      "kernel": "25.5.0",
      "arch": "arm64",
      "cpu": "Apple M1 Pro",
      "physical_cores": 10,
      "logical_cores": 10,
      "total_memory_bytes": 17179869184
    },
    "dataset": {
      "seed": 42,
      "nodes": 1000,
      "edges": 5000,
      "corpus_hash": "sha256:57ec47dffa81b5be2d39fba9b634ea93e79020e2a0ba9f578692d72b351c7606"
    }
  },
  "operations": {
    "aggregate_count": {
      "levels": [
        {
          "concurrency": 1,
          "cached": {
            "throughput_ops_per_sec": 2672.4540047816295,
            "metrics": {
              "server_ms": {
                "n": 488,
                "removed": 12,
                "min": 0.0635,
                "mean": 0.08159051434426229,
                "median": 0.079334,
                "p90": 0.095125,
                "p95": 0.1007854,
                "p99": 0.11020221,
                "max": 0.115,
                "stddev": 0.009558494147973494
              },
              "total_ms": {
                "n": 488,
                "removed": 12,
                "min": 0.313917,
                "mean": 0.3700199405737705,
                "median": 0.36560349999999997,
                "p90": 0.41235360000000004,
                "p95": 0.43318749999999995,
                "p99": 0.45886108,
                "max": 0.481333,
                "stddev": 0.02996240278916491
              },
              "non_internal_ms": {
                "n": 488,
                "removed": 12,
                "min": 0.24416600000000002,
                "mean": 0.2884294262295081,
                "median": 0.28425,
                "p90": 0.3223586,
                "p95": 0.34173549999999997,
                "p99": 0.35819541,
                "max": 0.383043,
                "stddev": 0.024512907078793705
              },
              "cached_false_rate": 0.0,
              "cached_unknown": 0
            }
          },
          "uncached": {
            "throughput_ops_per_sec": 2315.454866570246,
            "metrics": {
              "server_ms": {
                "n": 481,
                "removed": 19,
                "min": 0.111459,
                "mean": 0.13563616632016628,
                "median": 0.131458,
                "p90": 0.1565,
                "p95": 0.163833,
                "p99": 0.1825756,
                "max": 0.191834,
                "stddev": 0.014139662628536963
              },
              "total_ms": {
                "n": 481,
                "removed": 19,
                "min": 0.368541,
                "mean": 0.42423881496881494,
                "median": 0.416583,
                "p90": 0.471333,
                "p95": 0.4975,
                "p99": 0.5324912,
                "max": 0.5541250000000001,
                "stddev": 0.03341066088453253
              },
              "non_internal_ms": {
                "n": 481,
                "removed": 19,
                "min": 0.24366600000000005,
                "mean": 0.28860264864864904,
                "median": 0.283416,
                "p90": 0.32120899999999997,
                "p95": 0.34120800000000007,
                "p99": 0.3645498,
                "max": 0.3957910000000001,
                "stddev": 0.023805426425516273
              },
              "cached_false_rate": 1.0,
              "cached_unknown": 0
            }
          },
          "compilation_ms_median": 0.05212399999999999
        },
        {
          "concurrency": 4,
          "cached": {
            "throughput_ops_per_sec": 8043.245830298919,
            "metrics": {
              "server_ms": {
                "n": 1951,
                "removed": 49,
                "min": 0.0535,
                "mean": 0.1000417729369554,
                "median": 0.092417,
                "p90": 0.134666,
                "p95": 0.1535625,
                "p99": 0.180292,
                "max": 0.193958,
                "stddev": 0.024463245960749797
              },
              "total_ms": {
                "n": 1951,
                "removed": 49,
                "min": 0.32316700000000004,
                "mean": 0.48171057201435147,
                "median": 0.470084,
                "p90": 0.572625,
                "p95": 0.6168960000000001,
                "p99": 0.7028335,
                "max": 0.7827500000000001,
                "stddev": 0.06970616269402001
              },
              "non_internal_ms": {
                "n": 1951,
                "removed": 49,
                "min": 0.25491699999999995,
                "mean": 0.3816687990773972,
                "median": 0.369583,
                "p90": 0.47004099999999993,
                "p95": 0.5042500000000001,
                "p99": 0.5895005,
                "max": 0.6927920000000001,
                "stddev": 0.06425783214028599
              },
              "cached_false_rate": 0.0,
              "cached_unknown": 0
            }
          },
          "uncached": {
            "throughput_ops_per_sec": 7242.475662574898,
            "metrics": {
              "server_ms": {
                "n": 1985,
                "removed": 15,
                "min": 0.111375,
                "mean": 0.1743408745591936,
                "median": 0.16625,
                "p90": 0.22129960000000004,
                "p95": 0.24369159999999998,
                "p99": 0.28473356000000005,
                "max": 0.320083,
                "stddev": 0.03439363493463595
              },
              "total_ms": {
                "n": 1985,
                "removed": 15,
                "min": 0.37687499999999996,
                "mean": 0.5443771753148611,
                "median": 0.534334,
                "p90": 0.6406088,
                "p95": 0.675409,
                "p99": 0.7453435600000002,
                "max": 0.8425830000000001,
                "stddev": 0.06932945178295756
              },
              "non_internal_ms": {
                "n": 1985,
                "removed": 15,
                "min": 0.23854200000000003,
                "mean": 0.37003630075566746,
                "median": 0.36200000000000004,
                "p90": 0.44591720000000007,
                "p95": 0.4724663999999999,
                "p99": 0.5342715600000001,
                "max": 0.6701670000000001,
                "stddev": 0.05592541977372387
              },
              "cached_false_rate": 1.0,
              "cached_unknown": 0
            }
          },
          "compilation_ms_median": 0.07383300000000001
        }
      ],
      "result_digest": "sha256:1b48118cb2365f237381a7d7577a50041af5a9b9f3d1a6889f6fe422434b25af"
    },
    "expand_1_hop": {
      "levels": [
        {
          "concurrency": 1,
          "cached": {
            "throughput_ops_per_sec": 2593.250594393782,
            "metrics": {
              "server_ms": {
                "n": 486,
                "removed": 14,
                "min": 0.057708,
                "mean": 0.07452475308641977,
                "median": 0.072854,
                "p90": 0.086396,
                "p95": 0.09168725,
                "p99": 0.1011625,