{
  "schema_version": 2,
  "meta": {
    "tool_version": "0.1.0",
    "endpoint": "falkor://127.0.0.1:6379",
    "graph": "tutorial_demo",
    "samples": 500,
    "warmup": 100,
    "concurrency": [
      1,
      4
    ],
    "seed": 42,
    "corpus_size": 256,
    "server_timeout_ms": 5000,
    "client_deadline_ms": 6000,
    "connection": "pool(size=1) per worker",
    "started_at_epoch_secs": 1784719683,
    "server": {
      "module_graph_ver": 42001,
      "cache_size": 25,
      "redis_version": "8.6.3",
      "redis_build_id": "313de0794c1dcd59",
      "redis_git_sha1": "00000000",
      "run_id": "6f355549c5aa2543b9abe5822767ec8c0b1a8c2a",
      "os": "Linux 6.12.76-linuxkit aarch64",
      "arch_bits": "64",
      "server_image": null
    },
    "host": {
      "hostname": "bench-host",
      "os": "macOS 26.5.2 Tahoe",
      "kernel": "25.5.0",
      "arch": "arm64",
      "cpu": "Apple M1 Pro",
      "physical_cores": 10,
      "logical_cores": 10,
      "total_memory_bytes": 17179869184
    },
    "dataset": {
      "seed": 42,
      "nodes": 1000,
      "edges": 5000,
      "corpus_hash": "sha256:57ec47dffa81b5be2d39fba9b634ea93e79020e2a0ba9f578692d72b351c7606"
    }
  },
  "operations": {
    "aggregate_count": {
      "levels": [
        {
          "concurrency": 1,
          "cached": {
            "throughput_ops_per_sec": 2805.128434544555,
            "metrics": {
              "server_ms": {
                "n": 471,
                "removed": 29,
                "min": 0.064459,
                "mean": 0.07643949681528668,
                "median": 0.076916,
                "p90": 0.081084,
                "p95": 0.084,
                "p99": 0.0876664,
                "max": 0.089708,
                "stddev": 0.004807085964352363
              },
              "total_ms": {
                "n": 471,
                "removed": 29,
                "min": 0.305917,
                "mean": 0.3540680297239918,
                "median": 0.35266600000000004,
                "p90": 0.375084,
                "p95": 0.3820415,
                "p99": 0.40542500000000004,
                "max": 0.432166,
                "stddev": 0.016757791012576725
              },
              "non_internal_ms": {
                "n": 471,
                "removed": 29,
                "min": 0.241334,
                "mean": 0.2776285329087051,
                "median": 0.276,
                "p90": 0.297208,
                "p95": 0.30447899999999994,
                "p99": 0.32159560000000004,
                "max": 0.347874,
                "stddev": 0.015470868274610862
              },
              "cached_false_rate": 0.0,
              "cached_unknown": 0
            }
          },
          "uncached": {
            "throughput_ops_per_sec": 2387.9499270779793,
            "metrics": {
              "server_ms": {
                "n": 468,
                "removed": 32,
                "min": 0.109458,
                "mean": 0.12776081196581188,
                "median": 0.12635449999999998,
                "p90": 0.1407206,
                "p95": 0.14365165,
                "p99": 0.15135371999999997,
                "max": 0.158458,
                "stddev": 0.008492836540216184
              },
              "total_ms": {
                "n": 468,
                "removed": 32,
                "min": 0.358167,
                "mean": 0.4079558504273507,
                "median": 0.4070415,
                "p90": 0.4325795,
                "p95": 0.43951865,
                "p99": 0.46044239,
                "max": 0.49370800000000004,
                "stddev": 0.01904168715768016
              },
              "non_internal_ms": {
                "n": 468,
                "removed": 32,
                "min": 0.243542,
                "mean": 0.28019503846153837,
                "median": 0.2790005,
                "p90": 0.30031689999999994,
                "p95": 0.31015415,
                "p99": 0.32595175,
                "max": 0.368833,
                "stddev": 0.01609343668227467
              },
              "cached_false_rate": 1.0,
              "cached_unknown": 0
            }
          },
          "compilation_ms_median": 0.04943849999999998
        },
        {
          "concurrency": 4,
          "cached": {
            "throughput_ops_per_sec": 8280.604856781763,
            "metrics": {
              "server_ms": {
                "n": 1976,
                "removed": 24,
                "min": 0.054083,
                "mean": 0.09883781933198382,
                "median": 0.09125,
                "p90": 0.1315,
                "p95": 0.1483435,
                "p99": 0.17918699999999999,
                "max": 0.19525,
                "stddev": 0.02396358729594413
              },
              "total_ms": {
                "n": 1976,
                "removed": 24,
                "min": 0.33587500000000003,
                "mean": 0.47152252580971693,
                "median": 0.461854,
                "p90": 0.555375,
                "p95": 0.58576025,
                "p99": 0.6645,
                "max": 0.7445,
                "stddev": 0.0625941039625122
              },
              "non_internal_ms": {
                "n": 1976,
                "removed": 24,
                "min": 0.24987500000000004,
                "mean": 0.3726847064777328,
                "median": 0.3634995,
                "p90": 0.44762500000000005,
                "p95": 0.477552,
                "p99": 0.54927075,
                "max": 0.6555409999999999,
                "stddev": 0.0579331313846774
              },
              "cached_false_rate": 0.0,
              "cached_unknown": 0
            }
          },
          "uncached": {
            "throughput_ops_per_sec": 7267.780794690113,
            "metrics": {
              "server_ms": {
                "n": 1971,
                "removed": 29,
                "min": 0.1085,
                "mean": 0.1723317052257735,
                "median": 0.162666,
                "p90": 0.22175,
                "p95": 0.24181249999999999,
                "p99": 0.2841542999999999,
                "max": 0.31875,
                "stddev": 0.03416635180093055
              },
              "total_ms": {
                "n": 1971,
                "removed": 29,
                "min": 0.363667,
                "mean": 0.5419261080669703,
                "median": 0.53,
                "p90": 0.642167,
                "p95": 0.6790415000000001,
                "p99": 0.7536830999999999,
                "max": 0.838875,
                "stddev": 0.07271355662145708
              },
              "non_internal_ms": {
                "n": 1971,
                "removed": 29,
                "min": 0.22008400000000003,
                "mean": 0.3695944028411973,
                "median": 0.35754199999999997,
                "p90": 0.4534580000000001,
                "p95": 0.49097949999999996,
                "p99": 0.5556496999999999,
                "max": 0.641333,
                "stddev": 0.062097387833101675
              },
              "cached_false_rate": 1.0,
              "cached_unknown": 0
            }
          },
          "compilation_ms_median": 0.07141600000000001
        }
      ],
      "result_digest": "sha256:1b48118cb2365f237381a7d7577a50041af5a9b9f3d1a6889f6fe422434b25af"
    },
    "expand_1_hop": {
      "levels": [
        {
          "concurrency": 1,
          "cached": {
            "throughput_ops_per_sec": 2687.9781617472154,
            "metrics": {
              "server_ms": {
                "n": 469,
                "removed": 31,
                "min": 0.05825,
                "mean": 0.06998810447761196,
                "median": 0.070833,
                "p90": 0.0746416,
                "p95": 0.076375,
                "p99": 0.08292844,
                "max": 0.084208,
                "stddev": 0.005155967039739875
              },