{
  "schema_version": 2,
  "meta": {
    "tool_version": "0.1.0",
    "endpoint": "falkor://127.0.0.1:6379",
    "graph": "tutorial_demo",
    "samples": 500,
    "warmup": 100,
    "concurrency": [
      1,
      4
    ],
    "seed": 42,
    "corpus_size": 256,
    "server_timeout_ms": 5000,
    "client_deadline_ms": 6000,
    "connection": "pool(size=1) per worker",
    "started_at_epoch_secs": 1784720696,
    "server": {
      "module_graph_ver": 42001,
      "cache_size": 25,
      "redis_version": "8.6.3",
      "redis_build_id": "313de0794c1dcd59",
      "redis_git_sha1": "00000000",
      "run_id": "6f355549c5aa2543b9abe5822767ec8c0b1a8c2a",
      "os": "Linux 6.12.76-linuxkit aarch64",
      "arch_bits": "64",
      "server_image": null
    },
    "host": {
      "hostname": "bench-host",
      "os": "macOS 26.5.2 Tahoe",
      "kernel": "25.5.0",
      "arch": "arm64",
      "cpu": "Apple M1 Pro",
      "physical_cores": 10,
      "logical_cores": 10,
      "total_memory_bytes": 17179869184
    },
    "dataset": {
      "seed": 42,
      "nodes": 1000,
      "edges": 5000,
      "workload_hash": "sha256:57ec47dffa81b5be2d39fba9b634ea93e79020e2a0ba9f578692d72b351c7606"
    }
  },
  "operations": {
    "aggregate_count": {
      "levels": [
        {
          "concurrency": 1,
          "cached": {
            "throughput_ops_per_sec": 2758.8692999297973,
            "metrics": {
              "server_ms": {
                "n": 481,
                "removed": 19,
                "min": 0.06375,
                "mean": 0.08152251975051976,
                "median": 0.079458,
                "p90": 0.09375,
                "p95": 0.101459,
                "p99": 0.11073359999999999,
                "max": 0.1155,
                "stddev": 0.009183770551281823
              },
              "total_ms": {
                "n": 481,
                "removed": 19,
                "min": 0.287791,
                "mean": 0.35662476715176716,
                "median": 0.35233299999999995,
                "p90": 0.397125,
                "p95": 0.419875,
                "p99": 0.44474959999999997,
                "max": 0.482042,
                "stddev": 0.03069011035402863
              },
              "non_internal_ms": {
                "n": 481,
                "removed": 19,
                "min": 0.205708,
                "mean": 0.27510224740124756,
                "median": 0.271084,
                "p90": 0.310833,
                "p95": 0.322249,
                "p99": 0.3539914,
                "max": 0.388583,
                "stddev": 0.02624840942681581
              },
              "cached_false_rate": 0.0,
              "cached_unknown": 0
            }
          },
          "uncached": {
            "throughput_ops_per_sec": 2337.022839588664,
            "metrics": {
              "server_ms": {
                "n": 479,
                "removed": 21,
                "min": 0.111958,
                "mean": 0.13693963048016697,
                "median": 0.132875,
                "p90": 0.1564166,
                "p95": 0.16725419999999996,
                "p99": 0.18371325999999982,
                "max": 0.196333,
                "stddev": 0.014094437688421913
              },
              "total_ms": {
                "n": 479,
                "removed": 21,
                "min": 0.35425,
                "mean": 0.4164962442588726,
                "median": 0.408875,
                "p90": 0.46420799999999995,
                "p95": 0.4907122,
                "p99": 0.53781102,
                "max": 0.563584,
                "stddev": 0.03551804608605653
              },
              "non_internal_ms": {
                "n": 479,
                "removed": 21,
                "min": 0.23804200000000003,
                "mean": 0.2795566137787057,
                "median": 0.27379099999999995,
                "p90": 0.31624959999999996,
                "p95": 0.3352005999999999,
                "p99": 0.39007928,
                "max": 0.39741699999999996,
                "stddev": 0.027826329118441535
              },
              "cached_false_rate": 1.0,
              "cached_unknown": 0
            }
          },
          "compilation_ms_median": 0.05341699999999999
        },
        {
          "concurrency": 4,
          "cached": {
            "throughput_ops_per_sec": 7569.966579997994,
            "metrics": {
              "server_ms": {
                "n": 1945,
                "removed": 55,
                "min": 0.052042,
                "mean": 0.10554076555269933,
                "median": 0.095,
                "p90": 0.149875,
                "p95": 0.16989139999999997,
                "p99": 0.20420851999999995,
                "max": 0.227625,
                "stddev": 0.02984237869821468
              },
              "total_ms": {
                "n": 1945,
                "removed": 55,
                "min": 0.319,
                "mean": 0.5146453876606686,
                "median": 0.49754200000000004,
                "p90": 0.6312998000000001,
                "p95": 0.690842,
                "p99": 0.8345455199999999,
                "max": 0.921916,
                "stddev": 0.09274591543646502
              },
              "non_internal_ms": {
                "n": 1945,
                "removed": 55,
                "min": 0.229709,
                "mean": 0.4091046221079686,
                "median": 0.393292,
                "p90": 0.5146840000000001,
                "p95": 0.5700246,
                "p99": 0.7062319599999998,
                "max": 0.779416,
                "stddev": 0.08359819674937165
              },
              "cached_false_rate": 0.0,
              "cached_unknown": 0
            }
          },
          "uncached": {
            "throughput_ops_per_sec": 7189.611003472449,
            "metrics": {
              "server_ms": {
                "n": 1986,
                "removed": 14,
                "min": 0.108708,
                "mean": 0.17389111027190324,
                "median": 0.1659795,
                "p90": 0.2184795,
                "p95": 0.23893725,
                "p99": 0.27842230000000023,
                "max": 0.317125,
                "stddev": 0.032538008817366446
              },
              "total_ms": {
                "n": 1986,
                "removed": 14,
                "min": 0.381208,
                "mean": 0.5489144823766372,
                "median": 0.5406455,
                "p90": 0.6450214999999999,
                "p95": 0.67642675,
                "p99": 0.7455857000000002,
                "max": 0.870333,
                "stddev": 0.07092991850520498
              },
              "non_internal_ms": {
                "n": 1986,
                "removed": 14,
                "min": 0.22329200000000002,
                "mean": 0.37502337210473324,
                "median": 0.36645800000000006,
                "p90": 0.45589650000000004,
                "p95": 0.48262574999999996,
                "p99": 0.5513152000000001,
                "max": 0.723708,
                "stddev": 0.060578426507053626
              },
              "cached_false_rate": 1.0,
              "cached_unknown": 0
            }
          },
          "compilation_ms_median": 0.0709795
        }
      ],
      "result_digest": "sha256:1b48118cb2365f237381a7d7577a50041af5a9b9f3d1a6889f6fe422434b25af"
    },
    "expand_1_hop": {
      "levels": [
        {
          "concurrency": 1,
          "cached": {
            "throughput_ops_per_sec": 2055.0331042611224,
            "metrics": {
              "server_ms": {
                "n": 467,
                "removed": 33,
                "min": 0.05875,
                "mean": 0.08543753961456103,
                "median": 0.08125,
                "p90": 0.10705,
                "p95": 0.12523759999999998,
                "p99": 0.14736206,
                "max": 0.154,